epoch,train_bce,train_orth,train_reco,train_serm,train_total,val_bce,val_total,val_accuracy,lr
1,0.258799,0.240727,0.140690,0.504981,0.665464,0.422319,0.772008,0.789118,1.00e-03
2,0.133513,0.176736,0.074970,0.435127,0.406975,0.108807,0.365281,0.960093,1.00e-03
3,0.130308,0.158143,0.058080,0.642756,0.378669,0.336348,0.645650,0.840847,1.00e-03
4,0.126573,0.150746,0.051571,0.583723,0.358076,0.090439,0.307844,0.962112,1.00e-03
5,0.125626,0.145432,0.047153,0.930708,0.364747,0.108686,0.323756,0.958661,1.00e-03
6,0.123158,0.142647,0.045376,0.813201,0.351840,0.190846,0.428244,0.931970,1.00e-03
7,0.120843,0.140573,0.044089,0.808206,0.345915,0.071697,0.268124,0.970593,1.00e-03
8,0.147126,0.137313,0.041915,0.362949,0.344502,0.108461,0.293592,0.950180,1.00e-03
9,0.100394,0.134576,0.040121,0.170288,0.283606,0.066047,0.234520,0.973419,1.00e-03
10,0.114394,0.133990,0.039947,0.137397,0.295201,0.068758,0.266833,0.971694,1.00e-03
11,0.100476,0.133740,0.040069,0.098625,0.279216,0.072381,0.289257,0.971841,1.00e-03
12,0.120446,0.136820,0.042442,0.090739,0.304246,0.116367,0.274447,0.945995,1.00e-03
13,0.112484,0.131540,0.038214,0.075799,0.286028,0.086859,0.252672,0.963103,1.00e-03
14,0.097742,0.131114,0.037959,0.069436,0.270286,0.078588,0.251506,0.970336,1.00e-03
15,0.091484,0.131855,0.038662,0.069927,0.265498,0.092540,0.257260,0.965600,1.00e-03
16,0.112349,0.136326,0.042150,0.080340,0.294842,0.162243,0.343890,0.942250,1.00e-03
17,0.099417,0.139457,0.044690,0.082167,0.287673,0.117639,0.299265,0.945958,1.00e-03
18,0.077592,0.134825,0.040886,0.070811,0.256843,0.063321,0.219663,0.974044,1.00e-03
19,0.073074,0.131839,0.038719,0.075150,0.247390,0.132589,0.293820,0.939900,1.00e-03
20,0.087532,0.132630,0.039382,0.083270,0.263708,0.089030,0.279254,0.967986,1.00e-03
21,0.074645,0.130550,0.037717,0.081228,0.246973,0.068152,0.223368,0.972355,1.00e-03
22,0.089999,0.129863,0.037269,0.089776,0.261620,0.065028,0.234938,0.975622,1.00e-03
23,0.076605,0.132869,0.039528,0.080223,0.253013,0.050443,0.221804,0.980652,1.00e-03
24,0.069617,0.131261,0.038273,0.091634,0.243733,0.065286,0.224943,0.972135,1.00e-03
25,0.064218,0.131942,0.038898,0.075403,0.238828,0.081561,0.264072,0.970299,1.00e-03
26,0.064263,0.129281,0.036871,0.074380,0.234134,0.088724,0.376973,0.968280,1.00e-03
27,0.086566,0.132315,0.039323,0.081253,0.262267,0.072024,0.234389,0.973346,1.00e-03
28,0.074785,0.133474,0.040145,0.082119,0.252510,0.105731,0.272843,0.964865,1.00e-03
29,0.066524,0.133345,0.040140,0.091618,0.244589,0.048605,0.264758,0.981570,1.00e-03
30,0.045923,0.129730,0.037333,0.064015,0.216187,0.041933,0.214537,0.983222,5.00e-04
31,0.047718,0.126518,0.035113,0.064692,0.212584,0.047731,0.196991,0.981093,5.00e-04
32,0.041271,0.123527,0.033006,0.057542,0.200681,0.080991,0.232752,0.965636,5.00e-04
33,0.043476,0.124549,0.033795,0.062125,0.204926,0.047500,0.203872,0.982488,5.00e-04
34,0.043789,0.123349,0.032894,0.062209,0.203143,0.039428,0.184176,0.985204,5.00e-04
35,0.039816,0.123299,0.032888,0.058298,0.198917,0.038923,0.196688,0.984727,5.00e-04
36,0.039891,0.122629,0.032360,0.057727,0.197766,0.040210,0.196331,0.984691,5.00e-04
37,0.040896,0.123586,0.033056,0.056637,0.200370,0.039754,0.195680,0.984727,5.00e-04
38,0.040027,0.124027,0.033335,0.056783,0.200228,0.070196,0.254690,0.974484,5.00e-04
39,0.042055,0.126492,0.035065,0.064268,0.206825,0.066795,0.214389,0.975769,5.00e-04
40,0.042200,0.124952,0.033911,0.064513,0.204289,0.056231,0.206268,0.979514,5.00e-04
41,0.039766,0.123832,0.033114,0.063699,0.199898,0.045188,0.253428,0.983295,5.00e-04
42,0.041377,0.126476,0.035052,0.059727,0.205892,0.039397,0.196826,0.984470,5.00e-04
43,0.038042,0.125457,0.034185,0.062462,0.200808,0.038494,0.185014,0.984984,5.00e-04
44,0.048729,0.126949,0.035412,0.068134,0.214497,0.039155,0.190649,0.985498,5.00e-04
45,0.036878,0.126802,0.035158,0.059320,0.201804,0.039291,0.201755,0.983773,5.00e-04
46,0.030754,0.124326,0.033387,0.052479,0.191090,0.036846,0.187682,0.985535,2.50e-04
47,0.028739,0.121418,0.031435,0.049060,0.184044,0.050550,0.204739,0.981313,2.50e-04
48,0.030595,0.119893,0.030509,0.050289,0.183512,0.042002,0.197329,0.984507,2.50e-04
49,0.028103,0.119180,0.030039,0.046887,0.179667,0.035816,0.175841,0.986196,2.50e-04
50,0.030482,0.118475,0.029613,0.049941,0.181067,0.048268,0.191646,0.981019,2.50e-04
51,0.028327,0.119201,0.030094,0.047978,0.180022,0.038714,0.176372,0.985278,2.50e-04
52,0.030849,0.119977,0.030580,0.052966,0.184055,0.036288,0.180749,0.986049,2.50e-04
53,0.028339,0.120105,0.030581,0.048575,0.181454,0.041377,0.196588,0.984580,2.50e-04
54,0.028856,0.119731,0.030316,0.050254,0.181415,0.038974,0.176851,0.985278,2.50e-04
55,0.031289,0.119435,0.030111,0.050690,0.183369,0.044126,0.193799,0.983002,2.50e-04
56,0.028879,0.120247,0.030629,0.048626,0.182186,0.037539,0.192547,0.984911,2.50e-04
57,0.029394,0.120299,0.030682,0.049201,0.182835,0.036426,0.182140,0.985682,2.50e-04
58,0.028806,0.119699,0.030246,0.051528,0.181328,0.041002,0.253844,0.985204,2.50e-04
59,0.027285,0.119456,0.030065,0.047257,0.179169,0.051232,0.224739,0.981864,2.50e-04
60,0.027501,0.119493,0.030087,0.051389,0.179650,0.042709,0.195598,0.983589,2.50e-04
61,0.023499,0.118210,0.029199,0.044002,0.173109,0.035668,0.172884,0.985939,1.25e-04
62,0.023405,0.116909,0.028388,0.042520,0.170828,0.037210,0.177867,0.985718,1.25e-04
63,0.022862,0.116092,0.027911,0.041200,0.168926,0.037164,0.182535,0.986012,1.25e-04
64,0.023276,0.115932,0.027857,0.041283,0.169130,0.037519,0.182040,0.985755,1.25e-04
65,0.023233,0.115868,0.027807,0.040488,0.168932,0.036518,0.170428,0.986196,1.25e-04
66,0.023135,0.115570,0.027625,0.041531,0.168407,0.049908,0.189195,0.982451,1.25e-04
67,0.023792,0.115875,0.027831,0.042069,0.169601,0.037979,0.168478,0.985572,1.25e-04
68,0.021830,0.115419,0.027499,0.039920,0.166744,0.038649,0.166694,0.985388,1.25e-04
69,0.023071,0.115137,0.027333,0.043234,0.167702,0.036492,0.183258,0.985975,1.25e-04
70,0.022923,0.115645,0.027664,0.041168,0.168291,0.035156,0.169538,0.986526,1.25e-04
71,0.023138,0.115234,0.027371,0.040481,0.167767,0.039650,0.168851,0.984984,1.25e-04
72,0.022836,0.115650,0.027644,0.040593,0.168161,0.048977,0.181721,0.980579,1.25e-04
73,0.023065,0.115652,0.027618,0.044668,0.168569,0.037278,0.182320,0.986489,1.25e-04
74,0.023304,0.115845,0.027733,0.041456,0.168954,0.038080,0.358124,0.985131,1.25e-04
75,0.022594,0.116153,0.027917,0.041186,0.168723,0.039004,0.179248,0.985388,1.25e-04
76,0.021591,0.115863,0.027688,0.041726,0.167229,0.035547,0.186901,0.986232,1.25e-04
77,0.021062,0.115279,0.027325,0.040761,0.165704,0.034555,0.167313,0.986967,1.25e-04
78,0.022001,0.115082,0.027216,0.040450,0.166321,0.053197,0.183354,0.980175,1.25e-04
79,0.021833,0.115116,0.027243,0.040064,0.166195,0.038981,0.187062,0.985425,1.25e-04
80,0.020086,0.115083,0.027218,0.039610,0.164367,0.035356,0.164756,0.986600,6.25e-05
81,0.019247,0.114463,0.026802,0.038407,0.162432,0.034614,0.171394,0.986820,6.25e-05
82,0.019603,0.113965,0.026505,0.037967,0.161972,0.038278,0.176229,0.985425,6.25e-05
83,0.018993,0.113783,0.026402,0.037587,0.161057,0.035171,0.173100,0.986269,6.25e-05
84,0.018883,0.113308,0.026114,0.037071,0.160158,0.034527,0.166156,0.986820,6.25e-05
85,0.018943,0.112979,0.025929,0.036804,0.159691,0.036609,0.183797,0.986306,6.25e-05
86,0.019534,0.112800,0.025841,0.036374,0.159994,0.037241,0.171053,0.986049,6.25e-05
87,0.019159,0.112809,0.025860,0.036821,0.159669,0.033846,0.167726,0.987187,6.25e-05
88,0.018592,0.112677,0.025775,0.036965,0.158892,0.037127,0.162296,0.986196,6.25e-05
89,0.019596,0.112610,0.025739,0.036590,0.159774,0.039068,0.188921,0.985645,6.25e-05
90,0.018629,0.112442,0.025628,0.036725,0.158535,0.034728,0.165836,0.986636,6.25e-05
91,0.018757,0.112435,0.025624,0.036471,0.158640,0.033947,0.160336,0.987040,6.25e-05
92,0.019001,0.112261,0.025516,0.036506,0.158603,0.035531,0.177616,0.986453,6.25e-05
93,0.018724,0.112283,0.025530,0.036864,0.158380,0.040970,0.184450,0.985278,6.25e-05
94,0.018834,0.112163,0.025457,0.036306,0.158269,0.036275,0.182798,0.986196,6.25e-05
95,0.018383,0.112048,0.025376,0.036444,0.157628,0.034787,0.178541,0.986893,6.25e-05
96,0.018486,0.112039,0.025376,0.037100,0.157756,0.034337,0.175963,0.986636,6.25e-05
97,0.018538,0.111963,0.025326,0.036318,0.157643,0.034717,0.163596,0.986967,6.25e-05
98,0.018214,0.111847,0.025256,0.036474,0.157140,0.037137,0.176406,0.985939,6.25e-05
99,0.018360,0.111789,0.025224,0.036066,0.157177,0.033610,0.163380,0.987224,6.25e-05
100,0.018521,0.111671,0.025155,0.036556,0.157175,0.042944,0.175742,0.984470,6.25e-05
